Company,Address,Postal Code,City,Country,Website,Phone,Online,Physical
DITVOORST SLAAPWINKEL B.V., SCHOUWBURGRING 122,5038TL,Tilburg,NL,,+31(0)135422122,,X
EURL Anne Jacquemin Sablon,34 Rue Coquillière,75001,PARIS,FR,,,,X
Marco Polo Décoration,11 Place Louis XI,45000,Orleans,FR,https://www.meubles-deco-marcopolo.fr,0033238540273,X,X
Sanitairkamer BV,Braillestraat 7,3846 CP,Harderwijk,NL,,+31(0)341232322,,X
Maes Boons,Bazelstraat 61,9150,Kruibeke,BE,,+32(0)37741060,,X
Huis en Hof,Ridderstraat 27,8051 EG,Hattem,NL,,+31(0)38444 19 38,,X
Le Vestiare,98 Rue Gambetta,64500,Saint-Jean-de-Luz,FR,https://www.boutiquelevestiaire.com,00330559263612,,X
Radijs Conceptstore,Laarstraat 20,7201 CE,Zutphen,NL,https://www.radijsconceptstore.nl,+31(0)575484002,X,X
HerbersLifestyle,Kavelingen 40 ,7876TE,Valthermond,NL,https://www.herberslifestyle.nl,+31(0)615000423,,X
Hej store and more,Neerstraat 60,6041 KD,Roermond,NL,,310475635643,,X
Aleri Gardens,Rijdt 51,6631AR,Horssen,NL,,+31(0)612223652,,X
Studio DSGNN,Kloosterbos 2,1358 GA,Almere,NL,https://www.studiodsgnn.com,+31(0)616436539,,X
Het Olde Jagthuys,Langstraat 61,3771 BC,Barneveld,NL,,+31(0)618227368,,X
Annet Terberg-Pompe,Atelier Panta Rhei,3401DR,IJSSELSTEIN,NL,https://www.annetterbergpompe.nl,+31(0)623307262,,X
Michilsen Wonen,Vinkenkamp 11,7364CD,Lieren,NL,,+31(0)626162380,,X
Studio van Vliet,De Woonindustrie ,3438 EW,Nieuwegein,NL,https://www.studiovanvliet.com,+31(0)628189034,,X
Circle of Home,Gedempte Oude Gracht 111,2011 GP,Haarlem,NL,,+31(0)629366962,,X
Obi Home,Payglop 25,1811HM,Alkmaar,NL,,+31630073231,,X
Mooodz Interieur & Lifestyle,Koesteeg 11,5253AX,Nieuwkuijk,NL,https://www.mooodz.net,+31(0)630541153,,X
NOW Living,Reviusrondeel 103,2902 EC,Capelle aan den IJsse,NL,https://www.nowliving.nl,310636197067,X,
Boutique Atelier Salon de thé,"14, rue du Maquis",84110,Vaison la Romaine,FR,,,,X
Aap en Poes,Groete Houtstraat 163,2011 SL,Haarlem,NL,https://www.aapenpoes.nl/,+31(0)639490407/31(0)611307970,,X
Veerfijnd Interieur,Monnikenpad 3,3817 VK,Amersfoort,NL,,+31641377360,,X
Cato Home,Wijk 2.28,8321 ER,Urk,NL,,+31644055093,X,X
Celebra La Vida,Raadhuisstraat 45,4701PM,Roosendaal,NL,https://www.celebralavida.store,+31(0)646700998,X,X
Schins Home,Smedestraat 3-6-15,6211GK,Maastricht,NL,,+31(0)648451500,X,X
Lufinago BV /Strong Desire,Raadhuisstraat 34,2406AG,Alphen aan den Rijn,NL,,+31(0)650831499,,X
Via Andrea,Rozengracht 37,8861EX,Harlingen,NL,,+31(0)651188991,,X
Borg´s Unlimited,"Hobbemastraat 8, 3 voor",1071ZA,Amsterdam,NL,,+31(0)651740092,,X
SNUF EN SHOE B.V.,Europaplein 12,5374 BM,Schaijk,NL,,+31(0)653642698,,X
East Wing B.V.,Hoflaan 11-A,1217 CZ,Hilversum,NL,https://www.businesscentrumgooi.nl,+31(0)653662223,,X
Beauty Must Haves bv,Juffrouw Idastraat 23a,2513 BE,Den Haag,NL,,+31(0)703352565 ,,X
Deens.nl,p/a Slagveld 17,4871ND,Etten-Leur,NL,https://www.deens.nl,+31(0)641432893,X,X
Peack Interior,Prinsenweide 13-25,7317 BA,Apeldoorn,NL,https://www.peackinterior.com,+31(0)857602206,,X
Soffadirekt Scandinavia AB,Malmgatan 5N 15 A,602 23,Norrköping,SE,https://www.soffadirekt.se,0114707676,X,
CFS of Leicester Ltd,T/A Choice Furniture Superstor,LE1 3LR,Leicester,GB,https://www.choicefurnituresuperstore.co.uk,+44 1162963800,X,
Juwelen Zee,Reppelerweg 75,3990,Peer,BE,https://www.juwelenzee.be,32011634620,,X
BMK Interieurs,Langeviele 70,4331 LW,Middelburg,NL,https://www.bmk-interieurs.nl,310118436424,X,X
WN Interiors Ltd,111 Commercial Road,BH14 0JD,Poole,GB,,441202900866,,X
HANNIBAL,Wiedner Hauptstraße 22,1040,Wien,AT,https://www.hannibal-wien.at,012122215,,X
Annie Mo's,1 Commercial Street,AB11 5FP,Aberdeen,GB,,+44 1224 673000,,X
Solinfo Group,Wesselényi utca 16,1077,Budapest,HU,http://solinfo.hu,3612670444,,X
Design Vintage,"Coombe Barn, Norton Farm",GU34 3NB,Alton,GB,https://www.designvintage.co.uk,+44 1243573852,X,X
Lofthus Interiør,Zeilmakersplein 2,3751 BX,Bunschoten-Spakenburg,NL,https://www.lofthus.nl,310613341734,X,X
Rockett St. George,"Unit 12, Old Kiln Works",BN6 8SG,Hassocks,GB,https://www.rockettstgeorge.co.uk,+44 1444253391,X,X
MINT BAZAR,"48, rue du Pas Saint-Georges",33000,Bordeaux,FR,,00330160828985,,X
Interiores sa sort,C/del Bisbe Verger 6,07650,Santanyí,ES,,,,X
Wohnwelten Rhein-Ruhr GmbH,Hanns-Dieter-Hüsch-Platz 5,47441,Moers,DE,,015140417342,,X
drinneN,Mauergasse 3,65183,Wiesbaden,DE,,4961188003681,,X
Trika 333 d.o.o.,SELSKA CESTA 68,10000,Zagreb,HR,https://www.trika.hr,+385 15579540,,X
Way of living,Schieringerstraße 1,74321,Bietigheim-Bissingen,DE,,004901605318396,,X
Livland,Anja Uebe,39108,Magdeburg,DE,,491709682869,,X
Susanne Bosse Conceptstore,Obermarkt 5,82418,Murnau,DE,https://www.bosse-eventstyling.de,+49 1716333497,,X
EMMALOU,Neidenburger Str. 21,31141,Hildesheim,DE,,491722977777,,X
KB Villa Vanilla,Am Markt 8,19055,Schwerin,DE,,,,X
Liv Interior GmbH,Tina Mirza,20259,Hamburg,DE,,+49 1724371507 ,,X
Die Pampi,Michael Dörries,20255,Hamburg,DE,https://www.diepampi.de,491725411884,X,X
monochrome-home,Estewiesen 10d,21614,Buxtehude,DE,,00491733281254,,X
GUNDT HOME,Großstr. 1,25813,Husum,DE,https://www.gundthome.com,+49 48416638051,X,X
Maison F,Poolstrasse 32,20355,Hamburg,DE,,491737678426,,X
Skärgarden,Bekstraße 17,25524,Itzehoe,DE,,491739747000,,X
INTARIA,Einrichtung Interieur & Design,01796,Pirna,DE,,491739919437,,X
Ambiance,Gildestraat 225,2671 BW,Naaldwijk,NL,,310174628689,,X
Indigo Home & Style GmbH,Geschäftsführer MichaelSchwarz,56070,Koblenz,DE,,,,X
Rauminhalt,Goschenstr. 31,31134,Hildesheim,DE,https://www.rauminhalt-hildesheim.de,4917620623397,,X
Tante Paula,Inh. Judith Wilms,14467,Potsdam,DE,,017624108248,,X
Pr8stücke Eveline Oligmüller,Erbacher Str. 13,64625,Bensheim,DE,,,,X
DecoGoodies,Niendorfer Str. 21,23769,Fehmarn,DE,https://decogoodiesstore.myshopify.com/,+49 17641287826,X,
Victoria met Albert GbR,Krossener Str. 9-10,10245,Berlin,DE,https://www.victoriametalbert.com,493044674772,X,X
MEIN ZU HAUSE,Sandra Maria Pauli,72070,Tübingen,DE,https://www.mein-zu-hause.com,491778429710,X,X
Noi,Hüttenallee 237,47800,Krefeld,DE,,4921513270918,,X
AGRICULATA AKTIEBOLAG,"Fullerö, Gamla Uppsala",755 94,Uppsala,SE,https://www.fullero.nu,18327387705735659,,X
Maison En Vogue,,,Paris,FR,https://www.maisonenvogue.com,33185084888,X,
Schischi Wohnaccessoires e.K.,Betenstraße 16,44137,Dortmund,DE,https://www.decorette.de,+49 231 18998767,X,X
MN Butiken AB,c/o Möbelnet,692 93,Kumla,SE,https://www.mobelnet.se,19333225,X,
Diverssikauppa EP KY,Palomâentie 2,09810,Nummi,FI,,35819373788,,X
Emily Estate UK Ltd (The Newt in Somerset),Estate Office,BA7 7NG,Somerset,GB,https://shop.thenewtinsomerset.com/uk/home,+44 1963 577700,,X
P/F STOKHOLM,Hoydalsvegur 8,100,Tórshavn,FO,https://www.stokholm.fo,+298 203500 ,X,X
DR Wonen,Hartenstraat 27,1016 CA,Amsterdam,NL,https://www.drwonen.nl,+31(0)610164623,X,X
Colombini Casa Latvia SIA,"Jūrkalnes iela 15/25, 25. ramp/gate",LV-1046,Riga,LV,,,,X
Gartnergården Aarhus ApS,Skovlundvej 15,8541,Skødstrup,DK,https://www.ggaarhus.com,20725290,,X
Soul Studio Ltd T/A Soulstice,107 Regent's Park Road,NW1 8UR,London,GB,,+44 (0)20 7449 0328,,X
Butik Søndergaard,Skråvej 6F,9990,Skagen,DK,,20761616,,X
Suthoff raumgestaltung & florales,Hermann-Albertz Strasse188-190,46045,Oberhausen,DE,info@blumen-suthoff.de,4920825137,,X
Greige Lifestyle Boutique,1 Bedford Corner,W4 1LD,London,GB,https://www.greige.co.uk,+44 20 3141 9030,X,X
HUSET I_RO,Tulstrupvej 9-13,7430,Ikast,DK,,20992205,,X
Loft,21 Triq San Pawl,NXR 4018,Naxxar,MT,https://www.loft.com.mt,35620999966,,X
A.I. Kourtis S.A.,6 Malakonda str.,14564,Kifissia,EL,https://kourtis.gr/site/en/,302108062067,X,
Sandra SA,108 Kapodistriou,EL-183 45,Athens,EL,https://www.sandra.gr,,X,
Dagmar Tegtmeyer GmbH,Schirmerstrasse 42,40211,Düsseldorf,DE,,492112408480,,X
"GLOBESECRETS, UNIPESSOAL, LDA",RUA ALMEIDA E SOUSA N 3 A B,PT-1250-064,COSTA DE CAPARICA,PT,,351 211924682,,X
Pureza Magalhães,Arquitectura e Design de inter,PT 2750-502,Cascais,PT,https://www.purezadesign.com,351214836370,,X
Terrain,5000 South Broad Street,PHILADELPH,Philadelphia PA 19112,US,,2154545543,,X
S/Pf Well,V/Joan Øregaard,625,Glyvrar,FO,,298217821,,X
Haus and Honey,Østerbrogade 160,2100,København Ø,DK,,21812117,,X
In And Out,Lodbergsvej 315,6950,Ringkøbing,DK,,21824344,,X
"SIA ""BRIKUMI""","""Brīkumi"", Zaubes pag.",LV-4113,Cēsu nov.,LV,,+371 26601513,,X
Foodtech Interiør,og Storkjøkken AS,NO-0950,Oslo,NO,,22087070,,X
Kapps-Store.pl,ul. Mala 13b,05-807,Owczarnia,PL,https://www.kapps-store.pl,48222991984,X,
Møbelringen Alna,Strømsveien 195,NO-0668,Oslo,NO,,,,X
Nydalen Blomster,Nydalsveien 33,NO-0484,Oslo,NO,,22230749,,X
Senab Eikeland Oslo AS,Langkaia 1,NO-0150,Oslo,NO,https://www.senabeikeland.no,+47 22255600,,X
Annen Etage Lambertseter as,Cecilie Thoresensvej 15-17,NO-1153,Oslo,NO,,22280020,,X
Boliginnrederne AS,Enebakkveien 304,NO-1188,Oslo,NO,,22281810,,X
Rum by Kri-Stense,Hjortkjærsvej 1,9600,Aars,DK,https://www.kri-stense.dk,22424647,X,X
J. Olsens Enke Hagesenter AS,Sigurd Iversensvei 2,NO-0275,Oslo,NO,,,,X
Grønn AS,Lilleakerveien 31,NO-0283,Oslo,NO,,22519700,,X
Anouska CCVest AS,Lilleakerveien 16,NO-0283,Oslo,NO,,4722523314,,X
Butik Bakkegaarden,Salgårdshøjvej 50,3210,Vejby,DK,,22547040,,X
Møbelringen Studio Skøyen AS,Karenslyst allé 16,NO-0278,Oslo,NO,,22560200,,X
Inn Klaksvík,Klaksvíksvegur 82,700,Klaksvík,FO,,298225959,,X
Light House Company AS,Trollåsveien 34-36,NO-1414,Trollåsen,NO,https://www.lhc.no,22672000,,X
WOONWINKEL KLOOSTER,Hoofdstraat 199,1611 AE,Bovenkarspel,NL,https://www.woonwinkeltklooster.nl,31228518991,X,X
ZUS. Store,Brusselsesteenweg 53,BE-3080,Tervuren,BE,,32023115351,,X
Mulperipuu Turku,Puutarhakatu 10,20100,Turku,FI,https://www.mulperipuu.fi,003582337051,X,X
Concept Store Hotel Velvet,Marcus Hussmann,44879,Bochum,DE,https://www.hotel-velvet.de,4923445245417,,X
BALIE BALIE ApS,Godthåbsvej 34,2000,Frederiksberg,DK,https://www.baliebalie.com,50141414,X,X
Caqo,Boelsvej 37 ,4750,Lundby,DK,https://www.caqo.dk,24911443,X,
DECO-Weilinghoff/ideenreich,Schniewindstr. 51,48619,Heek,DE,https://www.deco-weilinghoff.de,492568388770,,X
Boelskifte Interiør & Design,Frederiksborgvej 218,2400,København NV,DK,,26111954,,X
Witzke design,Hovedvagtsstræde 6,3000,Helsingør,DK,https://www.witzkedesign.dk,26144649,,X
Subtile,"21A, Avenue Gaston Diderich",1420,Luxembourg,LU,,00352621301844,,X
Bertelsen Blomster,Svanes Torv 4,8700,Horsens,DK,,26701737,,X
Mosters Skur,Håndværkerbyen 27,2670,Greve,DK,https://www.mostersskur.dk,27470475,X,X
Lederleitner GmbH,Schloss Walpersdorf,3131,Walpersdorf,AT,https://www.lederleitner.at,0043278284489,,X
Purnatur GbR,Neustrasse 23,47441,Moers,DE,,49284128436,,X
Chic Interiors,109 Main Street,GB-NE21 3YG,Newcastle,GB,,442843758194,,X
BLUMENHAUS KAMPSHOFF,Ramsdorfer Str. 5,46342,Velen,DE,,4928631210,,X
Vernholt Gårdbutik,Strib Landevej 108,5500,Middelfart,DK,https://www.vernholt.dk,28689244 ,X,X
"SIA ""FEJA DARA""",Unijas street 8-5,LV-1084,Riga,LV,,,,X
MS Studio Aps,Malling Living Studio ,8240,Risskov,DK,https://www.mallinglivingstudio.dk ,,,X
Villa Esprit de Famille,"19, place du Canada",35400,Rothéneuf - Saint-Malo,FR,https://www.villaespritdefamille.com,00330299883579,,X
Rachmaninoff Wonen,Vismarkt 20,3511 KS,Utrecht,NL,,310302304498,,X
Interiorflirt,"Helsingborggade 12, 3. th.",2100,København Ø,DK,https://www.interiorflirt.dk,30306790,X,
CASA BUDAPEST KFT.,Pannónia u. 68.6/1,HU-1133,Budapest,HU,,+36 303594135,,X
Hemlängtan.com,Gamla Trollhättevägen 9,442 33,Kungälv,SE,https://www.hemlangtan.com,303719022,X,
Louisiana Butik/Shop,Gammel Strandvej 13,3050,Humlebæk,DK,,30385826,,X
Wohnzimmer,Paul-Lincke-Ufer 44,10999,Berlin-Kreuzberg,DE,,00493061623872,,X
Bramigk & Breer,Dorothea Kleihues-Breer,10629,Berlin,DE,,49308827373,,X
B&B Italia – Magazzino,"Via Dante, n. 6  ",22060,Carugo (CO),IT,https://www.bebitalia.com,+39 (0)31795259,,X
Geels Woonwarenhuis,Kerkhoflaan 17-19,6721 EW,Bennekom,NL,,+31(0)318414500,,X
Capendo GmbH,In der Finstermail 20,90482,Nürnberg,DE,https://www.die-feine-heimat.de,004917632009073,,X
Katrina Ozolina,Viale San Luigi Versiglia 4,62012,Civitanova Marche MC,IT,,+39 3206991418,,X
Fritsla Tyglager,Aratorpsvägen 14,511 71,Fritsla,SE,https://www.fritslatyglager.se,32072341,,X
Amok Geilo AS,Geilovegen 52,NO-3580,Geilo,NO,https://www.amokgeilo.no,32090100,,X
Eikin Sp/f,Spunagøta 1,160,Argir,FO,https://www.eikin.fo,00298321030,,X
Lysbutikken,Imaneq 1- Nuuk Center,3900,Nuuk,GL,https://www.lysbutikken.gl,299321874,,X
Første Etasje,Gaver og Interiør,3630,Rødberg,NO,,32741465,,X
Karjolen as,Buskerud Storsenter,3055,Krokstadelva,NO,,32878680,,X
Niche Norway AS,Borgeskogtoppen 5,NO-3160,Stokke,NO,,33061061,,X
"A/S Th. Wessel & Vett, Magasin du Nord",Kongens Nytorv 13,1095,København K,DK,https://www.magasin.dk,33114433,X,
Notre Dame,Nørregade 7,1165,København K,DK,https://www.notredame.dk,33151703,X,X
Møbelringen Larvik,Storegata 92,3257,Larvik,NO,,004733181914,,X
Chic24,Gösta Enax,14532,Kleinmachnow,DE,https://www.chic24.net,004933203883641,X,X
Modernista Living,86-90 Paul Street,EC2A 4NE,London,GB,,+44 3330507929 ,,X
Mo Interiør Tønsberg AS,Elverhøiveien 8,NO-3113,Tønsberg,NO,,90795509,,X
Tinnies AS,Moveien 53,3215,Sandefjord,NO,https://www.tinnieshus.no,33480747,,X
Brodersens Handleri,Vestveien 644,3145,Tjøme,NO,,33393433,,X
Mike & Molly AS,Rådhusgata 9,NO-3210,Sandefjord,NO,,33460100,,X
Møbeltrekkern Østli,Kongensgt. 21,3211,Sandefjord,NO,,33460446,,X
Intratuin Barneveld,Burg.Aschofflaan 1,3772 MV,Barneveld,NL,,+31(0)342405040,,X
Especial Ltd,"Unit D Apollo Court, 1 Wilkinson Road,",GL7 1YT,Gloucestershire,GB,,+44 345 223 0430,,X
Interieur het Molenhuis,Reigersmolenstraat 33,BE-2531,Vremde,BE,,32034581616,,X
Espigas de Trigo textiles sl,Avenida de las Razas 1B 2 izquierda,41012,Sevilla,ES,https://espigasdetrigo.es/,+34 722 277 109,X,X
Gasthaus Fink,Mustergasse 9,39100,Bozen,IT,,393485642495,,X
"Apia Trade, SL",Juan Bravo 18,ES-28006,Madrid,ES,https://www.apia.es,+34 918052193,X,X
FLOR STYLE,VIA MONTANELLI 25 ,61122,Pesaro ( Villa Fastiggi ),IT,,,,X
Rjukan Interiørsenter AS,Svaddeveien 141,NO-3660,Rjukan,NO,,35081280,,X
Krusemynte,Ndr. Strandvej 341A,3100,Hornbæk,DK,,35100551,,X
Rattan & Korb,Bautzner Strasse 27 B,01099,Dresden-Neustadt,DE,,493518012177,,X
STUDIO UIJTERWAAL,Marktstraat 5,1411CX,Naarden,NL,,310356225891,,X
Rogn belysning og interiør AS,Strandgata 4,NO-3960,Stathelle,NO,,35 96 05 20,,X
CLASSIQUE AS,Storgata 20,NO-3770,Kragerø,NO,,+4735983580,,X
No217 interiør,Valby langgade 217,2500,Valby,DK,https://www.no217.dk,25119217,,X
Pleysier in de keuken,Spoorwegstraat 3,2910,Essen,BE,,32036672297,,X
ILA MALU SNC DI TRONCATTI,Di Troncatti Lucia,25122,Brescia,IT,https://www.ilamalu.com,393703064059,,X
Gave & Interiørhuset,Torvgata 5,NO-4640,Søgne,NO,,38165099,,X
Wohndiele,Dorfstrasse 2,18347,Ahrenshoop,DE,,493822082995,,X
Br. Nygaard AS,Spangereidv. 2D,NO-4520,Lindesnes,NO,,38256777,,X
Trunken A/S,Brooklyn Square 10,NO-4560,Vanse,NO,https://www.trunken.com,4738396780,,X
Bild und Form,Schloßstr. 37 a,19053,Schwerin,DE,,00493857788994,,X
Chambre cinquante sept,2 rue Ambroise Thomas,57000,Metz,FR,,33387151609,,X
Stol & Stage,Vedbæk Stationsvej 17,2950,Vedbæk,DK,,39621112,,X
Lyst Marianne Magdal,Storgaten 4,NO-1440,Drøbak,NO,,40001042,,X
Kompaniet AS,Haugåsstubben 14,NO-4016,Stavanger,NO,https://www.kontorkompaniet.no,40005151,,X
Eske AS,Pilestredet Park 31,NO-0176,Oslo,NO,https://www.eskeinterior.no,40005253,X,X
Aada Hounekalut & Sisustus,Sahaajankatu 46,00880,Helsinki,FI,https://www.aadasi.com,00358409616153,X,X
Millan,Rautatienkatu 20,15110,LAHTI,FI,,,X,X
Tiirinkoski Tehdas,Haantie 5,13500,HÄMEENLINNA,FI,,,,X
Sisustus Idea,Kuninkaankatu 15,26100,Rauma,FI,https://www.sisustusidea.fi,,X,X
Willitikki,Moisiontie 122,54310,HYTTI,FI,,,,X
Oy Rhonda Services Ab,Kauppakatu 35,60100,SEINÄJOKI,FI,,+358 400602072,,X
Company Stadin Seita,Hirsalantie 678,02420,JORVAS,FI,,,,X
Nordavind interiør AS,Ryfylkegata 30,NO-4014,Stavanger,NO,,40063341,,X
Torniotar,Jääkärinkatu 6,95400,TORNIO,FI,,3580401722809,,X
Cosman-Interior,Mühlenkamp 44,22303,Hamburg,DE,,00494020908867,,X
Wax Art,Winterhuder Weg 122,22085,Hamburg,DE,,494022642399,,X
Læsø Bolighus,Østerby havnegade 1b,9940,Læsø,DK,,40229846,,X
Ildfluen AS,Niels Juels gate 40,NO-0257,Oslo,NO,,,,X
Kry Interiør Alta AS,Markedsgata 21 ,NO-9510,Alta,NO,,40293031,,X
So Stavanger Home AS,Kirkegata 2,4006,Stavanger,NO,https://so-home.no/,+4740299970,,X
Verken eller både og,Staverntunet,NO-3290,STAVERN,NO,https://www.verkenellerbaadeog.no,,,X
Arendal Interiørstudio AS,Gjelstadveien 38B,NO-3178,Våle,NO,,40407474,,X
Olivias Verden Ski AS,Jernbanesvingen 6,NO-1400,Ski,NO,https://www.oliviasverden.com,+47 66 71 85 55,,X
Das Dorf,Susannen str. 20,20357,Hamburg,DE,,49404394114,,X
Town House,Living & Decoration,20095,Hamburg,DE,,494046866877,,X
Studio Sati AS,Kongensgate 17,1515,Moss,NO,,,,X
Projektisisustus VM,Ohjaajantie 15,00400,Helsinki,FI,,358505173941,,X
Højgaard Interiør ApS,Oddervej 10,4600,Køge,DK,https://www.hoejgaardbrugskunst.dk,4540557100,X,
Ajantasku,Keskusväylä 4,96200,ROVANIEMI,FI,,,,X
Kaheli Design,Dagmarinkatu 5,00100,Helsinki,FI,,,,X
Mosse Invest Oy,c/oMatti Himberg ,02160,Espoo,FI,,+358 40 588 2977,,X
Inspira Holmestrand AS,Langgaten 29,NO-3080,Holmestrand,NO,,40608173,,X
Balthazar Interior AS,Dalsbergstien 2,0170,Oslo,NO,,,,X
Sisustus Trendo,Asemakatu 3,84100,Ylivieska,FI,,,X,X
Vaasasäde Oy,Raastuvankatu 32,65100,VAASA,FI,,03580407212560,,X
Cobello oy,Shopping mall Ainoa,02100,ESPOO,FI,https://www.cobello.fi,+358 40 7274717,X,X
Johs. Von Ehren Garten,GmbH & Co.KG,21077,Hamburg,DE,https://www.garten-von-ehren.de,00494075115890,,X
Tre rum + kök,Gustav Wasagatan 5,10600,EKENÄS,FI,https://www.trerumkok.fi,,,X
Beth Baun,Butikstorvet 6D,7190,Billund,DK,https://www.bethbaun.dk,40763993,,X
Albatrossi Tuote,Kankurinkatu 6,33230,TAMPERE,FI,,,,X
Marietta Fahning Einrichtungskonzepte,Bernadottestrasse 186,22605,Hamburg,DE,https://www.fahning-einrichtung.de,494080030035,X,
Bohemia Lifestyle,Mannerheuminkatu 1,06100,Porvoo,FI,,03584578774090,,X
Bua Dekor AS,Midtbygda 87,NO-7629,YTTERØY,NO,,,,X
Josina Bloemen,Nieuwe Hescheweg 7,5342 EB,Oss,NL,,310412622061,,X
Parallell as,Vibes gate 2,NO-0356,Oslo,NO,,,,X
Frisørdrift AS,Storgata 12,NO-1607,Fredrikstad,NO,,,,X
Buchhandlung Vollmer,Bürgerei 6,21720,Steinkirchen,DE,,004941422419,,X
Velvet Sandnes AS,Langgata 23,NO-4306,Sandnes,NO,,41437817,,X
Ranum Blomster & Interiør AS,Overhallsvegen 1775,7863,Overhalla,NO,,4741438354,,X
Fint Hjemme AS,Glitneveien 4,NO-3151,TOLVSRØD,NO,https://www.fint-hjemme.no/,,X,X
DESIGNPLAN.NO AS,Ole Martinussens vei 2,NO-8516,Narvik,NO,,41682078 ,,X
Hødnebø Projekt AS,Hoffsveien 15,NO-0275,Oslo,NO,https://www.hodneboprosjekt.no,,,X
CAR SELBSTBAUMÖBEL,Gutenbergstrasse 9a,24558,Henstedt-Ulzburg,DE,https://www.car-moebel.de,49419375550,X,X
Summerhouse,Wachmannstrasse 70,28209,Bremen,DE,https://www.summerhouse.de,49421341038,X,X
Beihl - Ambiente GmbH,Feuerkuhle 32,28207,Bremen,DE,,421442266,,X
DIANTHUS SRL,FLOWER Store,31100,TREVISO,IT,,390422583167,,X
TomorrowsDesign ApS,Dalgas Boulevard 48,2000,Frederiksberg,DK,https://www.tomorrowsdesign.dk,42777763,X,
Stilfrei,Holtenauer Strasse 39,24105,Kiel,DE,,494312596797,,X
Tee Kontor Kiel,Holtenauer Str. 126,24105,Kiel,DE,https://www.tee-kontor-kiel.de,004943185389,X,X
Russ Einrichtungen,Eiderstrasse 13,24582,Bissee,DE,,4943223360,,X
Verwondering,Hoogbrugstraat 21,6221 CN,Maastricht,NL,https://www.verwondering.nl,310433211334,X,X
CO.TUR SRL,CORSO VITTORIO EMANUELE 56/C,33170,PORDENONE PN,IT,,39043421265,,X
Hair Design Helsinki Oy,Neitsytpolku 5 D 88,00140,Helsinki,FI,,,,X
CELONA GASTRO GMBH,ammerländerherstrasse 255,26129,Oldenburg,DE,,49441217130,,X
Leffers GmbH & Co.KG,Bahnhofstraße 40,49393,Lohne (Oldenburg),DE,,+49 44427033410,,X
Merjan Puutarha Oy,PL 24 ,33401,TAMPERE,FI,,,,X
The Forest & Co.,"3 Webbers Way, Webbers Yard",TQ9 6JY,Devon,GB,https://www.theforestandco.com,+44 1803840748,,X
Fumi Oy,PL 72,00131,Helsinki,FI,https://www.fumi.fi,+ 358 44 972 67 97,,X
Nurminen Sirpa Anneli / Aspera Design,c/oSirpa Nurminen Palokunnankatu 8 B 46 ,13100,HÄMEENLINNA,FI,,449739101,,X
ScèneDeVie,5 rue de la poste,74000,ANNECY,FR,,,,X
Whitestory,Frognerveien 30C,NO-0263,Oslo,NO,,,,X
Eiendom & Design AS,Hesteskoen 6A,NO-1406,Kråkstad,NO,,45418042,,X
Milla Boutique AS,Holmens Gate 4,NO-0250,Oslo,NO,,,,X
Forma Studio AS,Storgata 54,NO-9008,Tromsø,NO,,45495027,,X
Kenza AS,Havnegate 5,NO-4950,Risør,NO,,45498700,,X
Flora,Klaksvíksvegur 63,700,Klaksvík,FO,,00298455115,,X
"Dehon, Eve",Nouveau Chemin de Saint-Marc(SS) 33 ,5002,Namur,BE,,,,X
Mulperipuu Helsinki,Liisankatu 21,00170,Helsinki,FI,,358457733001,,X
Wood & Food AS,Torvet 9,4836,Arendal,NO,,45807533,,X
Lykkehjørnet AS,Markedsgt 21-25,NO-9510,Alta,NO,,45810421,,X
Schwester herz,Süderstrasse 42,24955,Harislee,DE,,4946195704911,,X
I.D.Sievers GmbH&Co.KG,Stadtweg 35-37,24837,Schleswig,DE,https://www.idsievers.de,00494621962413,,X
Kitty Ovens Interiors,Sandal Terrasse 11A,NO-4022,Stavanger,NO,https://www.kittyovensinteriors.com,46380333 ,,X
Blaa ting & tøy,Senterveien 30,4790,Lillesand,NO,,,,X
Møbelringen Forus AS,Stokkamyrveien 28,4313,Sandnes,NO,,,,X
Babar Studio AS,Hoslejordet 4,NO-1362,Hosle,NO,,46 54 77 73,,X
Expo Nova Bergen AS,Edvards grieg vei 1,NO-5059,Bergen,NO,,46625587,,X
S.A.G. AS,Vannebos Veg 205,NO-2743,Harestua,NO,,46673269,,X
Arnt Harald Stange,Basbergveien 56 b,NO-3114,Tønsberg,NO,,,,X
Helmer Te & Kaffe AS,Breigata 8,4006,Stavanger,NO,,46909335,,X
Boas Studio AS,Maridalsveien 19,NO-0178,Oslo,NO,,,,X
Home of Geraldine,Boerenlegerstraat 161,BE-2650,,BE,,+320470870568,,X
Thelma,Vaartstraat 12,BE-3000,Leuven,BE,https://www.thelmastore.be/,320471099746,X,X
Evoke Agency,Grønnegata 32,NO-9008,Tromsø,NO,,47151692,,X
Yojoa Décoration,"2, rue du Commerce",43120,Monistrol sur Loire,FR,https://www.yojoa.fr,33471660429,,X
Pépite store,"Avenue Georges-Bedoret, Gd-M. 46",5030,Gembloux,BE,,,,X
Design & Bain,"23, rue Auguste Comte",69002,Lyon,FR,,33472418973,,X
Mors Hus AS,Dreyersgt. 55,NO-8312,Henningsvær,NO,,47255875,,X
Talenthuis VOF,Wassenkerkhofstraat 13,BE-9890,Gavere,BE,,320472739014,,X
Strikken AS,Mellomriksveien 4867,NO-7530,Meråker,NO,,47285613,,X
Lichtstudio,Gampenstr. 13/Via Palade 13,39020,Marling/Marlengo (BZ),IT,,39047320400,,X
Luchilla,Steenbergestraat 9e,BE-3384,Attenrode,BE,https://www.luchilla.be,320473399276,X,X
Soleilvert,Driftweg 3,BE-8420,De Haan,BE,,320473791724,,X
ROHSTOFF Sprl,Gospertstrasse 88,4700,Eupen,BE,https://www.rohstoff.be,,,X
Galeries Lafayet,"27, rue de la Chauss. dAntin",75009,PARIS,FR,https://www.galerieslafayette.com,,X,
Ålesund interiørstudio AS,Daaevegen 2b,NO-6018,Ålesund,NO,,47494790,,X
Novasolo AS,Hegdalringen 11,NO-3261,Larvik,NO,https://www.novasolo.no,+4747518884,X,X
Venotti,Zuidstraat 58,BE-8800,Roeselare,BE,,320475378824,,X
Swapp sprl,Chaussée de Halle 13-15,1640,Rhode-Saint-genese,BE,https://www.swapp.be/,32023583999,X,X
F&H of Scandinavia AS,Postboks 491 Skøyen,NO-0213,Oslo,NO,,+4747605374,,X
Amundsen Trading AS,Raglamyrvegen 20,NO-5536,Haugesund,NO,https://www.amundsentrading.no ,,,X
Kastellhagen Interiør AS,Ekebergveien 170,1177,Oslo,NO,,47674655,,X
Emil Retail AS,Markeveien 10,NO-5012,Bergen,NO,,,,X
Kaolin Lyon,"1, place Bellecour",69002,Lyon,FR,https://www.kaonline.fr,33478375356,,X
Philline,Oudaan 15,BE-2050,Antwerpen,BE,,320478405760,,X
Milla LAB AS,Killingmobakken 47,NO-1930,Aurskog,NO,https://www.millalab.no,,X,X
urban.soul.interiors,,,Brussels,BE,,320479509240,,X
Itab Room Solutions AS,Trondheimsveien 156,NO-0570,Oslo,NO,,,,X
The Well AS,Kongeveien 65,NO-1412,Sofiemyr,NO,,480 44 888,,X
Cartofflene AS,Jernbanegata 25,NO-7650,Verdal,NO,,48072447,,X
Så Interiør,Frostavegen 2310,7633,Frosta,NO,,004748083361,,X
Norstyled AS,Bjunegrenda 10,NO-3174,Revetal,NO,,48185817 ,,X
Oslo Deco AS,Nordraaks vei 22,NO-1369,Stabekk,NO,https://www.oslodeco.no,48197271,,X
Herzklopfen,Hohen Zollern Str. 14,25761,Büsum,DE,https://www.herzklopfen-buesum.de,004948349085414,,X
Den Gamle Kommandant AS,Fredriksten festning,1769,Halden,NO,,48505092,,X
Fjøs AS,Storgata 83,2615,Lillehammer,NO,,4748508319,,X
Etienne home,Bredabaan 231,BE-2930,Brasschaat,BE,,320485799067,,X
Kristiansand Interiørstudio AS,Gjelstadveien 38b,NO-3178,Våle,NO,,,,X
Bruuns Interiør,Kulturcafeen VP,3200,Helsinge,DK,https://www.connysbazar.dk,48796530,,X
Bestinn AS,Dalsbergstien 2,NO-0170,Oslo,NO,,,,X
"Shiamal City Life Co., Ltd.",No. 10 Kung Yen Rd.,(528),"Chang Hua, Taiwan P. O. C.",TW,https://www.shiamal.com,+886 48951387114,,X
Leffers GmbH & Co. KG,Mühlenstrasse 131,26789,Leer,DE,,4949192808360,,X
Jolie Maison Décoration,"7, rue Verdi",06000,Nice,FR,,,,X
Maison Mer,"56, rue Gambetta",83990,Saint Tropez,FR,https://www.maisonmer.fr,33494974098,,X
Fabbricasa,"13, quai Banda del Ferro",20169,Bonifacio,FR,,33495226998,,X
SRL BLUEBAL,Rue Neuve(GER) 43 ,BE-6280,Gerpinnes,BE,,+32 495 299 239,,X
KOPERHUIS Lifestyle & interior,Kraanlei 27,BE-9000,Gent,BE,https://www.koperhuis.be/,0032 0496992037,X,X
SRL Gaspar et Lily SRL,Rue de la Croix 40-42 ,BE-5000,Namur,BE,,+32 (0)497 30 05 38,,X
Huiszwaluw,Onderbergen 51,BE-9000,Gent,BE,,32093982277,,X
ECLAT Meurisse Céline,"Rue des Déportés, Beuzet 35",5030,Gembloux,BE,,+32497903454,,X
VVA Concept Store,Rue de Souvret 42,6180,Courcelles,BE,https://www.vva-concept-store.com,0032498272549,X,X
We Are D,Muldersdreef 43,9831,Deurle,BE,https://shop.decovry.com,(+32) 9 352 01 34,X,X
NordDesign,Modrzewiowa 5,80-297,Banino,PL,https://www.norddesign.pl,48502665441,,X
VALKOINEN PUU,Topeeka 15,61800,Kauhajoki,FI,,,,X
Javana NV,Steenstraat 6,BE-8000,Brugge,BE,https://www.javana.be,+32(0)50333605,X,X
Dots Stores,Fredrikinkatu 30,00120,Helsinki,FI,,,X,X
Laif&Nuver,Rode Weeshuisstraat 7,9712 ET,Groningen,NL,https://www.laifennuver.nl,310508500562,X,X
Dots Turku,Linnankatu 9-11,20100,Turku,FI,,,,X
Dina lifestyle,Oravatie 5,HELSINKI,00800,FI,,,,X
Bau Ventures Oy,Käenkuja 3 A ,00500,Helsinki,FI,,+358504629898,,X
Interiori Oy,Finlaysoninkuja 8,33210,Tampere,FI,https://www.interiori.fi,+358 50 492 9904,,X
At Home Conceptstore,Rijkstraatweg 155,9752 BD,Haren,NL,,310505536762,,X
Valhalla Living OÜ,Suur-Sõjamäe põik 6,11415,Tallinn,EE,https://www.valhallaliving.com,3725067645,X,
LIVING Wohnen & Genießen,Hauptstr. 29,30974,Wennigsen,DE,,495103705756,,X
Wachters Wohnen & Schenken,Leopoldstraße 34,6020,Innsbruck,AT,,0043512563600,,X
Halvorsen Fargehandel AS,Skulegata 13,NO-4360,Varhaug,NO,,004751436100,,X
Egersund Hagesenter AS,Hageland Egersund,4373,Egersund,NO,,51493200,,X
Stokkaveien Blomster AS,Stokkaveien 55,4024,Stavanger,NO,,51527011,,X
Hundvåg Hobby,Hundvågv. 50,NO-4085,Hundvåg,NO,,51547356,,X
RH Mæland Steintøykjelleren AS,Figgjoveien 55,4332,Figgjo,NO,,51609186,,X
Rostrup Kaffi & litt Te AS,Langgaten 18,NO-4306,Sandnes,NO,,51622620,,X
Møbelringen I Bjørnsen,Jærveien 250,NO-4340,Bryne,NO,https://www.mobelringen.no,51785020,,X
VIDA Design,De Munt 2,BE-8800,Roeselare,BE,https://www.vida-design.be,3203251801191,X,X
Pand 40,De Veste 13 ,6846BC,Arnhem,NL,https://www.pand-40.nl,+31(0)651981207,X,X
Retroforma,P. Luksio Str. 32,08222,Vilnius,LT,,37052101124,X,
Haus der schöne Dinge,Lange Strasse 21,33378,Rheda-Wiedenbrück,DE,,495242935784,,X
Meital & Mirey,Hamasbir st. 5,58852,Holon,IL,,972542502747,,X
Trendhuset AS,Raglamyrvegen 3,NO-5535,Haugesund,NO,,52701500,,X
Holzdesign / Christian Kofler,Dorfstr. 18,6275,Stumm,AT,,00435283210310,,X
Agnieszka Duda & Grupa Tsuuda,Sanka 337,32-067,Tenczynek,PL,https://www.agamartin.com,48533011400,X,
Genie A/S,Torgbakken 9,NO-5411,Stord,NO,,,,X
T&I OÜ,Staapli 3,10415,Tallinn,EE,https://www.tobiasandida.ee,+372 53428707,,X
SAS MALAURE,"37, rue de Metz",31000,Toulouse,FR,,,,X
Sæbøvik Gaver & Leiker,Sentrum,NO-5454,Sæbøvik,NO,,53476207,,X
Hofinger KG,Kaiserstrasse 4,6380,St. Johann in Tirol,AT,,43535262319,,X
Hjem.dk,Hårup Bygade 14,8600,Silkeborg,DK,https://www.hjem.dk,53531133,X,
Dalivo.de,,,,DE,https://www.dalivo.de,,X,
MARK&WALDORF,Teglværksvej 6,5620,Glamsbjerg,DK,https://www.markwaldorf.dk,53623620,,X
Ølen Møbel AS,Dreganesveien 2,NO-5580,Ølen,NO,,53775390,,X
K2 Trading OÜ.,Sinilille tee 2,76916,Tiskre,EE,,,,X
Maurits,Mauritsstraat 17,4811 EN,Breda,NL,https://www.maurits-shop.nl,+31(0)765426150,X,X
deko-schwester.de GmbH,Lehmstiege 3,48477,Hörstel,DE,,00495459999900,,X
Kdesign,47 rue Marcel Dassault,92514,Boulogne Billancourt ced,FR,https://www.kdesign.fr,+33 (0)547439410,X,
Carts,Via C.Battisti 76,47521,Cesena FC,IT,,34547612574,,X
Anne-Marie Wonen Holten,Aaltinksweg 14 A,7451 DX,Holten,NL,https://www.annemariewonen.nl,+31(0)548361223,,X
Behmann GmbH,Loco 910,6863,Egg,AT,https://www.mode.behmann.at,55122303,,X
Pand Diependaele,Ruttemburgstraat 48,BE-9700,Oudenaarde,BE,https://www.panddiependaele.be,32055302402,,X
Botanica Blomster AS,Strømgaten 8,NO-5015,Bergen,NO,,+4755310408,,X
Solstrand Blomster & Interiør,Hollendergaten 3,NO-5017,Bergen,NO,,55544920,,X
Kjeps Bolighus,Kanalvej 1,4700,Næstved,DK,https://www.kjeps.dk,55722075,X,X
GER import,Bildhöfoi 20,110,Reykjavik,IS,,3545581111,,X
SV Trading OÜ,Liivalao 11,11216,Tallinn,EE,https://www.occo.ee,+372 56151422,,X
Bekkjarvik Blomster AS,Bekkjarvik,5397,Bekkjarvik,NO,,56180260,,X
Evelyn Melnikov,Liivaoja 1-54,10155,Tallinn,EE,,37256228888,,X
Velkommen AS,Holsundveien 508,NO-5642,Holmefjord,NO,,56583900,,X
Kaffekrukken,Torvet 16,4600,Køge,DK,https://www.kaffekrukken.dk,56657877,,X
Frederiks Villa,Torvegade 3B,4640,Fakse,DK,https://www.frederiksvilla.dk,56710122,,X
Rienties Wooninspiratie,Schoolstraat 7,8102 EL,Raalte,NL,,+31(0)572353772,X,X
Studio DECONCEPT,Stefanikova 2664,760 01,ZLIN,CZ,https://www.eset.cz,420577001434,,X
Ommedal Manufaktur AS,Postboks 203,NO-6781,Stryn,NO,,57874680,,X
Nygårdens Gårdbutik,Højbyvej 18,4500,Nykøbing Sj.,DK,,59932350,,X
TARTE GALLERY - La Vie,Friedrichstr.26,61231,Bad Nauheim,DE,,4960082379692,,X
Hache marbella hob design SL,Urb Cabo Bermejo apt 622,29680,Estepona Malaga,ES,https://hacheinteriordesignstudio.com/,+34 600959700,,X
SCANDICONCEPT,UL. JAROSLAWA DABROWSKIEGO 12,75-300,KOSZALIN,PL,,48602219255,,X
"UAB ""Planet Group""",Minijos g 42,91197,Klaipėda,LT,,,,X
Intuition interiéry,Att; Silvie Parizkova,53354,Rybitví,CZ,https://eshop.intuition-interiery.cz/,420605204796,X,
Boxdelux,Hjarbækvej 65,8831,Løgstrup,DK,https://www.boxdelux.dk,50446800,X,
Fröken Fräken Sverige AB,Östermovägen 41,854 62,Sundsvall,SE,https://www.frokenfraken.se,+46 60618200,X,
Casa-Carina,Osiedle Makowe 18 a,73-108,Kobylanka,PL,,48608706222,,X
SAS L’ANTEGUY,IMM LES NIGRITELLES,73550,LES ALLUES,FR,,+33 0610135469,,X
Mooi Toch,Hortensiastraat 28,1783 ET,Den Helder,NL,,,,X
Living deco,Islands brygge 94,2300,København S,DK,,61264354,,X
Kohnoa GmbH,Inselstrasse 2,55116,Mainz,DE,,004961311436384,,X
Toscana,Leichhofstrasse 7-9,55116,Mainz,DE,,496131224518,,X
Moniek Weel Interieurs,Verlaatsweg 30,1643 LW,Spierdijk,NL,,310613748316,,X
L'Autre Maison,54 Av de la Motte Picquet,75015,PARIS,FR,,613980965,,X
MB “Go Slow”,Vaidevucio str. 9,08300,Vilniaus m. sav,LT,,,,X
Adler fresneda SL,"C 66 km 12,5",17121.,corça,ES,,34615065303,,X
BOTHERAPY,20 rue des Tilleuls,74000,Annecy,FR,,,,X
Decosense,Domus Galerija,09108,Vilnius,LT,,37061600516,,X
Un air de famille,29 rue de la Guisane,05240,La Salles les Alpes,FR,,00330616493374,,X
MAIOLICA BOUTIQUE,"1, rue Neuve St. Roch",20200,"Bastia, Corse",FR,,33495654437,,X
Rosige Zeiten,Am Zellerbruch 30,63533,Mainhausen,DE,https://www.rosige-zeiten-seligenstadt.de,004961823086986,X,X
Sous les fênetres,"2, rue Pasteur",10150,Pont St. Marie,FR,,,,X
Das Lieblingsstück,Alexandra Ebert-Rödel,69469,Weinheim,DE,,491727034222,,X
Das Lagerhaus GmbH,Heidelbergerstr. 29,68519,Viernheim,DE,,004962049292220,,X
Eline Wolvers Interior,Barend van dorenweerdelaan 9,1181BK,Amstelveen,NL,,,,X
live today,Minrebroederstraat 6,3512 GT,Utrecht,NL,,310621814339,,X
Winkel Shop,Tehtaankatu 22,00140,Helsinki,FI,https://www.winkel.fi,003580405800076,,X
La maison Pernoise - Pernes les Fontaines,167 Av de la Gare,84210,Pernes les Fontaines,FR,https://www.lamaisonpernoise.com,33622152974,X,X
Simple Crush,76 Rue Robert Desnos,34070,Montpellier,FR,https://www.simplecrush.fr,0033 0622414181,X,
Living Carrma SL,C/Terriza 26,04004,Almería,ES,celialoquedice.com,34950035793,,X
Maison Marie,Beukenhorst 7,5262 LG,Vucht,NL,,+31(0)623374108,,X
SAS BC RENOVATION,40 RUE DES BLANCS MANTEAUX,75004,Paris,FR,,0033 623387750_,,X
De Tuynkamer,Molenstraat 3,5845 BD,Sint Anthonis,NL,https://www.de-tuynkamer.nl,,,X
SPYK71,Steenstraat 71,6828 CD,Arnhem,NL,,+31(0)624459525,,X
Gave og Interiørglede A/S,Torggt. 71,NO-2317,Hamar,NO,,62535523,,X
Helset Møbler AS,Vangsvegen 185,2321,Hamar,NO,,62541680,,X
Trend Bazaar,Bygmestervej 23,5750,Ringe,DK,https://www.trendbazaar.dk,,X,
Maison Monum,29 rue Paul Bert,35000,Rennes,FR,,00330626366748,,X
Casa Møbel & Interiør,Matrandvegen 514,NO-2235,Matrand,NO,,62830664,,X
Babassu,Keer-Weer 3,2381 GC,Zoeterwoude,NL,https://www.babassu.nl,31628344336,X,X
MOME Lifestyle,Hippolytusbuurt 19,2611 HM,Delft,NL,,+31(0)629003737,,X
Maud Hesselink Interior,Bentheimerstraat 24,7587 NH,De Lutte,NL,,310629595150,,X
Kaffeerösterei Kaiserslautern,Steinstr. 27,67657,Kaiserslautern,DE,,4963187581,,X
Rigeto Studija,Vytauto str. 99,53253,Kaunas,LT,,37063444504,,X
MODECO STUDIO,"C/ Orzán nº 47, 4º Dcha.",15003,A Coruña,ES,https://modecostudio.com/concept-store/,,,X
Il Cementificio,De Santis Architetture & Partnere S.R.L.,00196,Roma,IT,https://www.cement-design.it; www.microfloor.it,39064111416,,X
Nook. Concepts,Leyenbroekerweg 58,6132CG,Sittard,NL,,+31641196579,,X
De Winkel in Leiden,Pieterskerk-Choorsteeg 19,2311 TR,Leiden,NL,,310713030076,,X
Aeg&Ruum Sisustus,showroom open M-F 11-19,10128,Tallinn,EE,,3726419044,,X
SUZ  LOU,1 rue des Jocobins,12000,Rodez,FR,,00330642027224,,X
Depot - Heesch,t Dorp 61 A,5384 MB,Heesch,NL,https://www.depot-heesch.nl,310627597329,X,X
Stoer en Sfeer,Dr. Hubernoodtstraat 9,7001 DS,Doetinchem,NL,,,,X
Les bouquets de paulette,47 rue de Lyon,29200,Brest,FR,,,,X
Decolab laboratorio S.L,"Paseo de la Habana, 105 bis",28036,Madrid,ES,https://decolab.es/,34645891703,,X
The White Door studio,Visseringstraat 39h,1051KH,Amsterdam,NL,https://www.thewhitedoorstudio.nl,31(0)646659720,,X
Saranne,De Lind 15,5061 HS,Oisterwijk,NL,https://www.saranne.nl,310646730767,,X
Studio Moon,Hooghbeemd 7,5581WS,Waalre,NL,,+31(0)648760699,,X
Nåløyet ANS,Torgveien 4,NO-1400,Ski,NO,,004764877470,,X
Le manoir,Brennbicl 41,6463,Karrösten/Tirol,AT,,436505132590,,X
Les intérieurs de Céleste, 12 Rue de l´Eglise,22460,Uzel/Bretagne,FR,,+33 651481818,,X
Uab Saules Sauja,Raudondvario pl. 107B ,LT-47185,Kaunas,LT,https://www.terraza.lt,37065202226,,X
Blanche,Smedenstraat 26,7411 RD,Deventer,NL,,31653710650,,X
Lasas & Loekov,Lutherse Burgwal 20,2512CB,Den Haag,NL,https://www.lasasenloekov.nl,+31654707841,X,X
UAB Ricco,Vytenio str. 14 ,03111,Vilnius,LT,,,,X
isla decor,Via Palma 102,07500,"Manacor, Mallorca",ES,,+34 655939001,X,X
Möbel Fischer GmbH,Saarstraße 44,54634,Bitburg,DE,,49656196680,,X
Eva Rodríguez Castro,C/ Luis Freire García 22,15190,A Coruña,ES,,+34 981 645 380,X,X
Atelier Parissetti,Via leon battista alberti 7,00153,Roma,IT,,390657305202,,X
GUIOMAR DE CARLOS,C./ PADRE DAMIAN 15 6º DCHA.,28036,Madrid,ES,,,X,X
Acte 1,12 rue des Halles,64200,Biarritz,FR,,0033660671787,,X
Butik Zoom,Buchwaldsgade 51,5000,Odense C,DK,https://www.butikzoom.dk,66134475 ,X,X
Basalt market,46 rue Ecuyere,14000,Caen,FR,,00330663060749,,X
Marget sp. z o.o.,Tadeusza Micinskiego 8,30-426,Kraków,PL,https://www.norr.pl,48664009640,X,
Natur und Kunst,Wallenröderstr. 6,36341,Lauterbach/Reuters,DE,,0049664164354,,X
HANNIBAL,Taborstraße 24,1020,Wien,AT,https://www.hannibal-wien.at,06641954787,,X
Wundertüte,Karmeliterplatz 2,AT-1020,Wien,AT,,436642835546,,X
HANNIBAL,Landstraßer Hauptstraße 39,1030,Wien,AT,https://www.hannibal-wien.at,06643866331,,X
HANNIBAL,Alserbachstraße 5,1090,Wien,AT,https://www.hannibal-wien.at,06644279394,,X
HANNIBAL,Josefstädter Straße 15,1080,Wien,AT,https://www.hannibal-wien.at,06644370727,,X
HOME DESIGN by Astrid Harnisch,"Maxingstraße 4, Top 4",AT-1130,Wien,AT,https://www.homedesign-harnisch.com,436645357249,,X
MoreMadam  Dom Skandynawski,Piłsudskiego 17d4,73-110,Stargard,PL,https://moremadam.pl/,48666260480,X,
Ambiance & Curiosités,3 Rue Lakanal,38000,Grenoble,FR,https://www.ambiance-et-curiosites.com,0033666948887,,X
Møbelringen Slependen,Billingstadsletta 23,NO-1396,Billingstad,NO,https://www.mobelringen.no,66697070,,X
Moodies AS,Strøket 9,NO-1383,Asker,NO,,66762200,,X
Asker Blomster AS,Strøket 6,NO-1383,Asker,NO,,,,X
Xponella,Torvveien 5,NO-1383,Asker,NO,,66790200,,X
My room tour,,,,FR,https://www.my-roomtour.com,0033668699850,X,
LB interiorisme,C/Cabestany 25,ES-08010,Barcelona,ES,,0034639775762,,X
"Anna Alvarez,","c/Ginesta 42,",08290,"Cerdanyola del Vallés,",ES,,34669941789,X,
Sandon,av ricardo Soriano 65,29601,"Marbella, Malaga",ES,,,X,X
hermanos Munoz Brennan SL,AVDA Libertad 13,03730,Javea,ES,,,X,X
KOLSÅS HAGESENTER AS,Brynsveien 90,NO-1346,Gjettum,NO,,67175990,,X
Lightup AS,Ole Nielsens vei 13,NO-4330,Ålgård,NO,,67210810,,X
Mi cometa arquitectura y interiorismo SL,Via Sindicato 74 2º right,07002,"Palma, Baleares",ES,,+34 672175156,X,X
Blomster Oasen,Stabekkhuset,NO-1369,Stabekk,NO,,67530318,,X
The Cool Republic,4 rue Drouot,75009,PARIS,FR,https://www.thecoolrepublic.com,0033675519079,X,X
Die Liebelei,Göglstr. 4,3500,Krems,AT,,436765766291,,X
Espacio Volca,Alejandra Centelles Ballester,46007,Valencia.,ES,https://espaciovolca.com/,,X,
La Boutique De L'Hôtel,1 Av de la gare,43190,TENCE,FR,,,,X
"Edge Ingeniería y Diseño, S.L.","Calle San Ramon, 1, oficina 5C",12500,Vinaròs-Castellon,ES,,,X,X
SPRL CTC GROUP,Chaussée de Namur 1 ,1400,Nivelles,BE,,,,X
Italian House of Norway AS,Grini Næringspark 4,1361,Østerås,NO,https://www.italianhouse.no,67870027,,X
Biek,Spiegelstraat 32,1405 HX,Bussum,NL,,310681770571,,X
LABO Concept Store,"10, rue dAvejan",30100,Alès,FR,https://www.labo-concept-store.fr,,,X
Marta De la Peña Jiménez,"calle Marqués de Urquijo 40, 8 derecha,",28008,Madrid,ES,,+34 686064545,X,X
TENTATION,,,,FR,https://tentation.store/fr/,,X,
cayu and chic,Cristina Patricia De la Cruz Rodríguez,28007,Madrid,ES,,+34 686555642,X,X
SARL MAISON SEREN,11 RUE DES GLENAN ,29170,Fouesnant,FR,,+33 687793265,,X
LIZIGAR S.L.,"Kruz Gallastegi 9, behea",20570,"Bergara, Gipuzkoa",ES,,234688845898,X,
CONTI CERT DESIGN,"C/ Padua, 62 Ent 2ª",ES-08010,Barcelona,ES,,+34 93 639 3911,X,
Virginie Biron,Siempre Decoracion,07814,Santa Gertrudis  -Ibiza,ES,,,X,X
CODO A CODO ARQUITECTURA S.L.U.,C/Iris 52 – 4º Izq.,28109,"Alcobendas,Madrid",ES,,,X,X
BG Arquitectura,General Juan Van Halen 1,28030,Madrida,ES,,+34 690816126,X,X
Projektive Concept Store,Spolka Z Ograniczona Odpowiedzialnoscia,78-100,Kolobrzeg,PL,,+48 691074231,,X
CONCEPT LIVING MARBELLA SL,Concept Living Marbella SL  ,29688,"Estepona, Malaga",ES,,+34 691286168,X,X
Jacobsen Møbler Aabenraa ApS,Løgumklostervej 145,6200,Aabenraa,DK,https://www.jacobsenmobler.dk,69156200,X,X
Galleri Ene AS,St. Marie gate 92,NO-1706,Sarpsborg,NO,,69161998,,X
BRETUN INTERIØR AS,Varnaveien 7,NO-1524,Moss,NO,,0047 69251108,,X
Dyhre Gård & Gartneri,Dyreveien 145,NO-1525,Moss,NO,,69266939,,X
SODADE,39 Rue Fond Generese,97460,"Saint Paul, La Réunion",FR,,262693137278,,X
Galleri Mimosa,Kirkegaten 28,NO-1632,Gamle Fredrikstad,NO,https://www.gallerimimosa.no,69320120,,X
Mathisens Blomster AS,Borgarveien 15,NO-1633,Gamle Fredrikstad,NO,,,,X
Your home styling Costa del Sol SL,"CTRA de Mijas KM 4,5",29650,"MIJAS, MALAGA",ES,,+34 693 555 165,X,X
KRONOS TRANS AFOI DRAKAKOI,"Epidaurou 13, Ag. Ioannis Rentis",EL-18233,Athens,EL,https://www.zairacollection.gr,306944536388,X,
The Minimalist Home,128 RUE DE LA BOÉTIE ,75008,Paris,FR,https://www.theminimalisthome.fr,0033 0695524560 ,X,
Efecto Muaré SCP,C/ Gall 1 . Edificio Valtor 4ª 4ª,08950,Esplugues de Llobregat,ES,,+34 696099487,X,
Dos en Uno Proy. y gestión SL,Maria Orbea,29670,San Pedro de Alcantara,ES,,,X,
Light House,"Birzelio 23-iosios str. 10A,",03205,Vilnius,LT,,37069692911,,X
"Šiaurės panda, MB",Rugiu st. 9,64393,"Paplanskai, Alytaus raj.",LT,https://www.siaurespanda.lt,+370 69809699,X,
Nanna,Barnabitengasse 8,1060,Wien,AT,,4369912629221,,X
Blomster & Gaver Fosnavåg DA,Vågsgata,NO-6091,Fosnavåg,NO,,70088005,,X
Farmor Ingvarda AS,Parkgata 2,6002,Ålesund,NO,,4770122328,,X
DesignMe,Den Grønne Vej 17,8600,Silkeborg,DK,https://www.designme.dk,70203343,X,
C-berry Corner AB,c/o Brandt,182 33,Danderyd,SE,https://www.cranberrycorner.se,702099858,X,
La Vanille AB,c/o INGRID YVONNE SIGVARDSSON,429 34,KULLAVIK,SE,https://www.lavanille.com,,X,
Grünbau,Sven Seiler,72639,Neuffen,DE,,4970253828,,X
Room Five Home Ltd,"Wodianer telep, Raba utca 2",2234,Maglod,HU,,36704185566,,X
Kop&Kande Holstebro,Østergade 3,7500,Holstebro,DK,,70606565,,X
Reforma Sthlm Aktiebolag,c/o SWEIJER,SE-114 32,Stockholm,SE,https://www.reformasthlm.se/,,X,
Sivertsen Fargehandel AS,Kay Gatan 31,6390,Vestnes,NO,,71180150,,X
Blossfeldt,Calwer Str. 30,70173,Stuttgart,DE,,49711849494837,,X
Wolf der möbelladen,Carl-Zeiss-Strasse 55,72770,Reutlingen,DE,https://www.basics-home.de,49712191530,,X
Caramel Molde AS,Storgata 17A,6413,Molde,NO,,71257232,,X
Perlenreich,Marktplatz 24,71229,Leonberg,DE,,4971529064301,,X
Buch & Kunst,Badstrasse 14,73087,Bad Boll,DE,https://www.buch-boll.de,71642277,,X
DesignGaragen ApS,Klostervej 82,8680,Ry,DK,https://www.designgaragen.dk,71992246,X,
Storboden AB,Jättestensgatan 3B,418 72,Göteborg,SE,https://www.hemboden.se,+46 723262685 ,X,
Coop Oppdal SA avd. 303,Hus og Hjem,7340,Oppdal,NO,,72400365,,X
Boutique Helene AS,Skolegata 4,NO-7240,Hitra,NO,,,,X
IDLU AB,Stora Trädgårdsgatan 8A ,593 35,Västervik,SE,,072-4436825,,X
Twin Arts Lifestyle,Fnidsen 89,1811NE,Alkmaar,NL,,+31(0)725120986,,X
Fifty/50,Yrjarsgt 35,NO-7130,Brekstad,NO,,004772523838,,X
Blomster på Byåsen AS,Fjellseterveien 1,7020,Trondheim,NO,,4772566365,,X
Nordic Decoration,ul. Sw. Floriana 9a,34-130,Kalwaria Zebrzydowska,PL,https://nordicdecoration.com/en_US/index,48726555726,X,X
U.N Interiör,Ottfjällsvägen 64,831 70,Östersund,SE,https://www.uninterior.se,,X,
The Home,Aleea Meteorologiei 26 E,013892,Bucharest,RO,https://www.thehome.ro,40730562580,X,X
Borett Webbutik/Nooliliving,Nordanvägen 1,296 32,Åhus,SE,,,X,
Cornelias Hus,Nordre Gate 6,7011,Trondheim,NO,,4773510600,,X
Blomster i Byhaven,Olav Tryggvasonsgate 28,NO-7011,Trondheim,NO,https://www.byblomst.no,73522460,,X
Elgeseter Minimarked AS,Elgesetergt 18,7030,Trondheim,NO,,73523085,,X
Nucasa Home Limited,14-16 Brentwood Avenue,GB-NE21 3YG,Newcastle,GB,https://www.nucasastore.co.uk,+44 7894291812,X,X
Uniquehome,,15800,Prag,CZ,https://www.uniquehome.cz/,420736654000,X,
Spik Studios,Gamla Almedalsvagen 27,412 63,Göteborg,SE,https://www.spikstudios.com,31619400,,X
T.M Webbhandel AB,c/o PAN ATLANTIC AB,721 37,VÄSTERÅS,SE,https://www.trosamobler.se,+46 70 607 35 49,X,
Gardest OY,Roheline 14,61410,Tartu,EE,https://gardest.ee,+372 7412110,X,X
NORR LIVING SRL,BDUL MUNCII NR 12,400641,CLUJ NAPOCA,RO,https://www.nordashop.com,40745018835,,X
Uncommon life limited,61 Henderson Street,FK9 4HG,Bridge of Allan,GB,,+44 7500018642,,X
26 The fold,2 The Thoroughfare,IP20 9AX,Harleston,GB,,+44 7500 535535,,X
Big Bolig int og gaver,Skansen kjøpesenter,NO-8800,Sandnessjøen,NO,,75043027,,X
Luxura Home & Living,1 Wood Court,M33 3PY,Manchester,GB,,+44 7852 181989,,X
Livingshop,Toldbodvej 4,6857,Blåvand,DK,https://www.livingshop.dk,75173377,X,X
Varde Engroslager ApS,Jeppe Skovgaards Vej 7a,6800,Varde,DK,https://www.vardeengroslager.dk,+45 75220990,X,X
Bent Sørensen GmbH,Rudolf-Diesel-Strasse 5,78467,Konstanz,DE,,+49 177 88 29 000,,X
Løwini Prosjekt AS,P.b. 750,NO-8001,Bodø,NO,https://www.lowini.no,,,X
Jacobsen Plus,Hattingvej 5 ,8700,Horsens,DK,,75648722,,X
Jysk pejsecenter,Jens Grøns vej 23,7100,Vejle,DK,,75722693,,X
Møbelringen Dybvik,Kystveien 19,NO-8150,Ørnes,NO,,75754277,,X
Castello di Reschio srl,Fattoria di Reschio,06060,Province of Perugia,IT,,39075844362,,X
GM Trading ApS,Mosetoften 13-15,8722,Hedensted,DK,,75892880,,X
Huset Glass & Interiør,Storgata 8,NO-8370,Leknes,NO,,76080032,,X
Bahne,Afdeling 1,6000,Kolding,DK,https://www.bahne.dk,76320439,X,
Chimére,Winkelcentrum 84,4873 AD,Etten-Leur,NL,https://www.chimeremode.nl,+31(0)765036669,,X
Cuisine&Interieur Bergamot,39 route de Samoens,74440,Taninges,FR,https://www.wearebergamot.com,+33 (0)450962591,,X
LANPLIDOR SL,1 carrer tramuntana,ES-07109,Fornalutx - Mallorca,ES,,0044 7711896500,X,
Lavangen Byggeindustri AS,Nesset,9357,TENNEVOLL,NO,,77176950,,X
Vaunt Designs,45 Evelyn Street,NG9 2EU,Beeston,GB,https://www.vauntdesign.com,+44 7718123610,X,X
Mon Pote Limited,217 North Street,BS3 1JJ,Bristol,GB,https://www.monpote.co.uk,+44 7725 874822,X,X
Accessories for the Home,12 Lumber Lane,M28 2QH,Manchester,GB,https://www.accessoriesforthehome.co.uk,7725875338,X,X
Berglon P/F,Heidavegur 9-11,620,Runavík,FO,,298773000,,X
Iconioo s.r.o.,Zuzana Kascáková,289 03,Slovec,CZ,,420775914455,,X
Britts Boutique AS,Lilletorget,NO-9008,Tromsø,NO,,77601980,,X
Bardufoss Møbler AS,Postboks 1224,NO-9326,BARDUFOSS,NO,,,,X
Myre Møbler AS,Strandveien 68,NO-9300,Finnsnes,NO,,77843420,,X
Pebble Home & Lifestyle,28 Charing Cross,JE2 3RP,Jersey,GB,https://www.ilovepebble.com,+44 7797 735333,X,X
No 19 Hammerfest AS,Strandgt. 19,NO-9600,Hammerfest,NO,,78411808,,X
Giomani Designs,Redman Fisher Building,DY4 9AQ,Tipton,GB,,+44 7869458015 ,,X
Löffelhase GmbH,Obergasse 4,8400,Wintherthur,CH,,0041788623625,,X
Fusion Trading,High Street (Corner Of Lowgate Lane) ,SG11 1BT,High Cross,GB,,+44 7881615343,,X
Interiørverden A/S,Kirkegata 2,NO-9900,Kirkenes,NO,,78993155,,X
hyggeLIVING,Buchserstrasse 15,5000,Aarau,CH,,41795162959,,X
Atelier La Dolce Vita,Chemin du Lessus 22,1867,St-Triphon,CH,,41797080491,,X
Interior Fascination,134 High Street,BA1 4DF,Bath,GB,,+44 7989657676,,X
Maison Curate,61 Northcote Road,SW11 1NP,London,GB,,+44 7899 044775,,X
Wein-Blüte OHG,Seestrasse 3,83700,Rottach-Egern,DE,,4980226135,,X
redsquare GmbH,Schinkestrasse 9,12047,Berlin,DE,,80312366440,,X
Die Einrchtungslounge GmbH & C,Friedrichshafenerstr. 57,88131,Lindau,DE,,49083822748031,,X
Winkel voor Thuis,Ooststraat 45,4306AB,Nieuwerkerk,NL,https://www.winkelvoorthuis.nl,+31(0)111724082,X,X
Intero Interiör AB,Birkagatan 32,113 39,Stockholm,SE,https://www.interointerior.se,850650917,,X
Zandvoort Inredning AB,Värmdövägen 120,131 54,Nacka,SE,https://www.zandvoort.se,86151409,X,X
Ruth Noble Interiors Limited,13 Railway Cottages,D04 HZT9,Dublin,IE,,+353 86 1789702,,X
Kajaanin Valomaailma,Kauppakatu 5 LT. 4,87100,KAJAANI,FI,https://www.valomaailma.fi,3588626200,X,X
Doblinger KG,Altstadt 252,84028,Landshut,DE,,+4987122237,,X
"Ryle & Co, Fabricport.com",Kilcroney Furniture,A98 E422,Bray,IE,https://www.ryleandcompany.ie,+353 83 206 5027,,X
Stone and Beige,27 Llewellyn Way,D16XY38,Dublin,IE,,353873927179,,X
Blumen Müssig GbR,Untermarkt 11,82418,Murnau,DE,https://www.blumen-muessig.de,004988413545,,X
Living Space Ltd,Vishneva 12,BG-1164,Sofia,BG,,+359 887880106,,X
Burke Decor LLC,1419 Boardman Canfield Rd.,44512,Boardman Ohio,US,,18883388111,,X
Coming Home Interieur,Isartorplatz 3,80331,München,DE,,8921667720,,X
Wortwahl Buchkultur,Reichenbachstr. 15,80469,München,DE,,498926019311,,X
Curtis & Curtis GmbH,Wiener Platz 8,81667,München,DE,,49894481015,,X
Westwing GmbH München,Moosacher Str. 88,80809,,PL,,4989550544438,X,
Straa AS,Elias Smiths vei 26,1337,Sandvika,NO,,90022271,,X
Holmris Form/Funk AS,Ryenstubben 3,NO-0679,Oslo,NO,https://www.holmris-ff.no,+47 900 33 940,,X
Keiserens nye trær AS,Olav Tryggvasons gate 6,NO-7011,Trondheim,NO,,+47 90103079,,X
Bakgården Cafe As,Kongensgate 37,NO-3211,Sandefjord,NO,,,,X
Real Partner AS,Gyldenløves gate 4,0260,Oslo,NO,https://www.realpartner.no,46361200,,X
Saxi AS,Havnegate 2,NO-9800,Vadsø,NO,,,,X
Bergen Interiørstudio AS,Kanalveien 109,5068,Bergen,NO,,,,X
Villa Bekk AS,Anton Tschudisvei 63 B,NO-1344,Haslum,NO,,4790519016,,X
Anouska AS avd Asker,Smuget 1,1383,Asker,NO,,4790535095,,X
Coconut klær og interiør,Rådhusgaten 19,3290,Stavern,NO,,93420282,,X
Frantz Hegg Gartneri AS,Heggalleen 12,NO-3403,Lier,NO,,,,X
Tint AS,Sofienberggata 6,0551,Oslo,NO,,91877958,,X
Skreddersydde hjem,Haakonsgate 11,NO-3950,Brevik,NO,,,,X
APT88 Hofsli,Henrichsens gate 5 B,NO-0169,Oslo,NO,,,,X
Krohnark AS,Thorvald Meyers gate 7,NO-0555,Oslo,NO,https://www.krohnark.no,4747709120,,X
"CHLOROS JAPAN CO., LTD.",872 Tsuchiyama Hiraoka-cho,675-0104,Hyogo,JP,,+81 090 5906 6625,,X
No 3 Drøbak AS,Torggate 3,NO-1440,Drøbak,NO,,90655395,,X
Nordstrand Møbler og Interiør AS,Sandstuveien 70A,NO-0680,Oslo,NO,https://nordstrandmobler.no/,92912735,X,X
KADA Studio AS,Storgata 39B,NO-2609,Lillehammer,NO,,,,X
Hafslund Strand AS,Studio Henni,3015,DRAMMEN,NO,http://https://www.hafslundstrand.no/,,,X
OBAS AS,Dråpen 16,3036,Drammen,NO,,90843596,,X
Mathea AS,Trevaren 2,1389,Heggedal,NO,,90898786,,X
MAHO Blomster AS,Flatholmvegen 38,7550,Sørvad,DK,,4790934692,,X
Haddock A/S,Misværveien 8,NO-8312,Henningsvær,NO,,90954619,,X
Mittmøbel,Hafrakerskrenten 5,NO-3962,STATHELLE,NO,https://www.mittmobel.no,91004887  ,X,
Pangaea Arquitectos S.L.,Paseo de la Habana 71,ES-28036,Madrid,ES,,+34 910 568 136,X,X
"Camilie, Bente Motrøen",Waldemar Thranes gate 26,NO-0171,Oslo,NO,,911 02 975,,X
Thelma & Molli ANS,Solakrossvegen 26,4050,Skibby,DK,,91247939,,X
Tassara2005 SL,Cristina Tassara,28002,Madrid,ES,livinginlondonshop.es,34913103932,X,X
Multiform Bergen,Strandgaten 214,5004,Bergen,NO,,4791391599,,X
White & One SL,White & One SL,28108,"Alcobendas, Madrid",ES,,+34 914564770,X,X
E. Ahlström Oy,Kuortaneenkatu 1,00520,Helsinki,FI,https://www.eahlstrom.fi,,,X
Atelier Ribe AS,Kirkegata 41,NO-4612,KRISTIANSAND S,NO,,,,X
HEIME inventar&blomster,Bø Senter,3800,Bø,NO,,91550876,,X
Lysefjorden Sjokolade,Produksjon AS,NO-4100,Jørpeland,NO,,,,X
Golightly AS,"Pir 2, nr 3",NO-7010,Trondheim,NO,,+4791591629,,X
ZENOTEX AS,Bygdøy terrasse 14c,NO-0287,Oslo,NO,,,,X
Blomstrende AS,Dragsundråsa 2,NO-6080,Gurskøy,NO,,91698191,,X
Signed by Sensa AS,Kirkeveien 167D,NO-1384,Asker,NO,,91705272,,X
Mari Sommerfeldt AS,Axel Huitfeldts vei 5,NO-1170,Oslo,NO,,,,X
Eldhuset Brenden,Øvrebygde 66,NO-3650,Tinn Austbygd,NO,,91789665,,X
Ravn,Tunet Interiør AS,3560,Hemsedal,NO,,91791912,,X
Emmelines Kafe AS,Ivar Lykkes veg 10,7075,Tiller,NO,,92027511,,X
Brun`O interiør AS,Haraldsgata 90,5528,Haugesund,NO,,,,X
Room2room AS,Hovfaret 4,NO-0275,Oslo,NO,https://www.room2room.no,,,X
Escandinavia,"Callejón del Combate, 8",38002,Santa Cruz de Tenerife,ES,https://www.escandinaviashop.com,34922074885,,X
Siloen gårdsbutikk AS,Bygdaråvegen 550 b,NO-3840,Seljord,NO,,92219166,,X
Simply Fashion AS,Tastasenter,4027,Stavanger,NO,,92267068,,X
StudioBazar AS,Ullevålsveien 47 A,NO-0171,Oslo,NO,https://www.studiobazar.no,92296666,,X
ITAB Norge AS,Trondheimsveien 156,NO-0570,Oslo,NO,https://www.itab.com,,,X
Utopic Mountain - Unipessoal L,"Estrada Municipal, Cruzinha nº",6200-811,Vales do Rio,PT,,351924267973,,X
Styleit aS,Ålgårdsveien 5,NO-4330,Ålgård,NO,https://www.styleitas.no,95992518,,X
Blomst Viola AS,Storgata 31,NO-4307,Sandnes,NO,,+47 92463290,,X
Styling Habitats AS,Peer Gynts vei 2,NO-4019,Stavanger,NO,https://www.habitatstyling.no,+47 92621136,,X
Romsø Design,Karlsøyveien 12,NO-9015,Tromsø,NO,https://www.romsodesign.no,92630363,,X
Balthazar Interior Oslo AS,Dalsbergstien 2,NO-0170,Oslo,NO,,+47 48909150,,X
Boligstyle AS,Ringeriksveien 158,1339,Vøyenenga,NO,,,,X
Divine Design Oslo AS,Heggelibakken 4,NO-0375,Oslo,NO,https://www.divinedesignoslo.no,4792670022,,X
Frida Yvonne Henriksson,"Rua Joao Antonio Gaspar 24, R/",2765-326,Estoril,PT,,,,X
You & I Agency AS,Bryggegata 5,0250,Oslo,NO,https://www.youandiagency.no,4792687287,,X
Søss Frisør,Ole Nilsens vei 9,NO-4330,Ålgård,NO,,92693441,,X
VIDU AS,Avd. Jostu,NO-7670,Inderøy,NO,https://www.flyndra.no,92693950,,X
4knits AS,Close to My Heart,NO-0265,Oslo,NO,,,,X
Fosheim Sag AS,Fosheimvegen 44,NO-2960,Røn,NO,https://www.fosheimsag.no,92803436,,X
KAJSAS AS,Nesbruvn 75,1394,Nesbru,NO,,4792806001,,X
Sj Design AS,Frydenlundgata 6A,NO-0169,Oslo,NO,https://www.sjdesign.no,,,X
Nobel Interiør AS,Damlihaugen 8B,NO-0275,Oslo,NO,,,,X
Mary Indiana AS,Vogtsgate 54,NO-0477,Oslo,NO,,,,X
Hanne på landet AS,Asktorvet 4,NO-2022,Gjerdrum,NO,https://www.hannepalandet.no,92849888,,X
Zofie AS,Storgata 4b,NO-1767,Halden,NO,,,,X
Gjerpen-Huser int. & design,Kragstubben 24,0783,Oslo,NO,,92899024,,X
THE BLACK HOUSE PROJECTS S.L.,CALLE BRILLANT 15,08195,"SANT CUGAT DEL VALLES, BCN",ES,,+34 930025490,X,X
Gathe+Gram AS,Gimleveien 20 A ,NO-0266,Oslo,NO,,,,X
LINDHJEM AS,Himbergveien 39,NO-3280,Tjodalyng,NO,,,,X
hvitTRÅD AS,Vangsveien 64,2317,Hamar,NO,,,,X
"CADO INTERIORS, S.L.",Francesc Perez i Cabrero 7,08021,Barcelona,ES,https://jeanettetrensig.com/contacto/,34932012512,,X
By Sunde AS,Geilneset 16,NO-6030,Langevåg,NO,,,,X
Concept Design AS,Pilestredet 75C,NO-0354,Oslo,NO,,93284651,,X
Fionas Atelier,Castañer 27,ES-08010,Barcelona,ES,,34933157941,X,X
Tilinspirasjon interiørtjenester AS,Nedre bekk vei 17a,NO-1407,Vinterbro,NO,,+47 934 11 269,,X
W22 Interiør AS,Drammensveien 130,NO-0277,Oslo,NO,,4793455598,,X
Frk. Wickstrøm AS,Søbstadvn. 1C,NO-7088,Heimdal,NO,,93625727,,X
Ramp Design AS,Stuttvegen 2D,NO-1166,Oslo,NO,,,,X
Studio Fast ApS,Bios Gård 5st,8600,Silkeborg,DK,,,,X
Oj! Konsept AS,Rypevegen 15,NO-2406,Elverum,NO,https://www.ojdesign.no,94819911,,X
Input interior Norway AS,Ingvald Ystgaards veg 1 ,NO-7047,Trondheim,NO,https://www.inputinterior.no ,950 35 213 ,,X
Designa Haugesund AS,Longhammarvegen 7,5536,HAUGESUND,NO,https://www.dhinterior.no,48323340,,X
Allsidig,Galgebergveien 18,NO-4631,Kristiansand S,NO,,,,X
"Boconcept, plusstore","Ctra. De Mijas km 3,5",26950,"Mijas, Malaga",ES,,34951242092,,X
Fru Blom AS,Nakkimveien 65,NO-1892,Degernes,NO,,,,X
Hennies Hus AS,Dues vei 14 B,4009,Stavanger,NO,https://www.hennieshus.no,95133562,,X
Frk Fryd Interiør & styling,Hunsfoss Næringspark,NO-4708,Vennesla,NO,,95178550,,X
Liten Gave AS,Vettaliveien 4F,NO-0781,Oslo,NO,https://www.litengave.no,95216545,,X
MENT,Elvefaret 16,2625,Vallensbæk,DK,https://www.ment.no,,,X
Malte AS,Myldre Interiør,NO-2317,Hamar,NO,,95271333,,X
Harmonia AS,Strandgata 38,6905,FLORØ,NO,,95404101,,X
Kokooo AS,Kastellkroken 49,2080,Eidsvoll,NO,https://www.kokooo.no,,,X
"PERSEVERA PRODUCCIONES, SLU",C/VELARDE 10ª.,41001,Sevilla,ES,,+34 954546286,X,X
Studio Cocochic SL,calle Pilar edificio. mallen local 1 ,ES-41006,Sevilla,ES,,34 955212712,X,
Interiorbyline,Averstadmoen 12,NO-2040,Kløfta,NO,,,,X
Ny & Ne as,Strømmen storsenter,NO-2010,Strømmen,NO,https://www.nyogne.no,95799818,,X
JKE Design Narvik AS,Industrivein 16A,8517,NARVIK,NO,,95800027,,X
Glanz AS,Gjettumveien 121 B,NO-1346,Gjettum,NO,https://www.glanz.no,,,X
DayDreams & pearls,Thorvald Meyers gate 32 A,NO-0555,Oslo,NO,,,,X
Sodai AS,J.N. Jacobsens gate 15,NO-1606,Fredrikstad,NO,,95904444,,X
Cumulus Hamar AS,Larsen,NO-2317,Hamar,NO,,,,X
Happy Living AS,Grendeveien 19,3188,Horten,NO,https://www.happyliving.no,,,X
Hans Jacob Hoff,Holgerslystveien 1C,NO-0280,Oslo,NO,,95998352,,X
Babiloni Tenda dArt,Gobernador 2,12003,Castellón de la Plana,ES,,34964231959,,X
Klaus Dieter Mützel GmbH&CoKg,Schweinfurther Str. 6-10,97717,Euerdorf,DE,,499704603330,,X
Anouska AS avd Nesbru,Fekjan 80,NO-1394,Nesbru,NO,,,,X
Stas Ringebu AS,Ole Steigs Gate 11,NO-2630,Ringebu,NO,,,,X
Bohus Ecorn Møbelsenter AS,Ørneveien 9,9015,Tromsø,NO,,97112066,,X
Interior House Mallorca S.L.,About Living,07180,Santa Ponsa,ES,,34971134200,,X
IN SPIRE AS,Leivdalen,NO-6770,Nordfjordeid,NO,https://www.tore-garden.no,97120309,,X
Bryggejentene AS,Ersfjordveien 55,9107,Kvaløya,NO,,,,X
Memo of Norway AS,Mjønerudvegen 38,NO-1923,Sørum,NO,,+47 97195449,,X
Inspiri & Brodersen,Nygade 9-11,6950,Ringkøbing,DK,https://www.inspiri.dk,97320224 ,,X
SAND Mote & Interiør AS,Jon Torbergssons vei 1,NO-4070,Randberg,NO,,,,X
Main Boligstyling AS,Grottenveien 3A,NO-1177,Oslo,NO,https://www.mainboligstyling.no,97574057,,X
Seglem AS,"""Mitt lille hjem""",NO-0550,Oslo,NO,,22350150,,X
3 piker AS,Hamnegata 11,5411,Stord,NO,,97614436,,X
Bonita Concept AS,Madlakrossen 7,NO-4042,Hafrsfjord,NO,,97644711,,X
MSO Studio AS,Sundveien 10,NO-1397,Nesøya,NO,https://www.msostudio.no,97669904,,X
TH Agentur,Haneholmveien 1,3212,Sandefjord,NO,,97695382,,X
HOTEL ABADIA DEL PRIORAT S.L.U,C/Major 25,43737,Torroja del Priorat,ES,,+34 977099488,,X
Rom for Rom Interiør as,Nygata 12,2380,Brumunddal,NO,,,,X
Tante Bruun,Semslinna 35,NO-3170,Sem,NO,,,,X
Audhild Viken AS,Avd RØST,5015,Bergen,NO,https://www.audhildviken.no,97769688,,X
Bondens Hage,Helgerødveien 111,3233,Sandefjord,NO,,98010232,,X
Dobbel L AS,Fayes Gate 1-3,3110,Tønsberg,NO,,98036664,,X
Alabaster AS,Ullevålsveien 51A,NO-0171,Oslo,NO,,+ 47 927 71 692 ,,X
Beyu AS,Løkkeveien 77,NO-4008,Stavanger,NO,,98253167,,X
ILVA Terndrup,Max Jessen A/S,9575,Terndrup,DK,https://www.max-jessen.dk,98335333,X,X
Laurentius,Sct. Laurentiivej 29,9990,Skagen,DK,,98451900,,X
Rumklang,Havnen 12,9300,Sæby,DK,,98464414,,X
CONUVE STUDIO,Avda. de Galicia nº7,33005,Oviedo - Asturias,ES,,+34  985 024 042,X,X
Turine,"Jakob Tveit AS, Tveitsund",NO-3855,Treungen,NO,,98623061,,X
Homebygard Interiør AS,Meboståsen 1,NO-7580,Selbu,NO,,98661671,,X
PONFERRADA LA SUITE SL,"Calle Ave Maria, 17",24402,Ponferrada (LEÓN),ES,,+34 987423597,X,X
Børglum Kloster,Børglum Klostervej 255,9760,Vrå,DK,,91891828,,X
Confettibird AS,Thor Olsens Gate 8A,0177,Oslo,NO,,,,X
Boligkonsulentene AS,Vågsgata 33,NO-4306,Sandnes,NO,,99162567,,X
Stylistene AS,Svarttrostveien 34,NO-1529,Moss,NO,https://www.stylistene.com,99165537,,X
Kines Corner AS,Havnegata 15,NO-7800,Namsos,NO,,99268084,,X
Høyt Interiør,Togro Drift AS,NO-6512,Kristiansund,NO,,,,X
No 9 KAFÉ v/ Monika Rosenvinge,Hertug Skulesveg 20,NO-2618,Lillehammer,NO,,99545922,,X
Schee GmbH,Maastrichter Str. 36,50672,Köln,DE,,00490221995545,,X
hvitTRÅD as,Jernbanesvingen 6,NO-2821,Gjøvik,NO,,,,X
TAB Gruppen AS,Kompveien 2668,1940,BJØRKELANGEN,NO,,99639979,,X
ECLECTICIST,Triq il-Pitkali Road,ATD 2214,Attard,MT,,,,X